INSERT INTO `store` (`store_id`, `store_email`, `store_name`, `money`, `created_at`, `updated_at`)
VALUES (1, 'store1@facam.com', '가맹점1', 0, '2023-12-07 15:28:06.410153', '2023-12-07 15:28:06.410153'),
       (2, 'store2@facam.com', '가맹점2', 0, '2023-12-07 15:28:06.419153', '2023-12-07 15:28:06.419153'),
       (3, 'store3@facam.com', '가맹점3', 0, '2023-12-07 15:28:06.425153', '2023-12-07 15:28:06.425153'),
       (4, 'store4@facam.com', '가맹점4', 0, '2023-12-07 15:28:06.432156', '2023-12-07 15:28:06.432156'),
       (5, 'store5@facam.com', '가맹점5', 0, '2023-12-07 15:28:06.438154', '2023-12-07 15:28:06.438154'),
       (6, 'store6@facam.com', '가맹점6', 0, '2023-12-07 15:28:06.446153', '2023-12-07 15:28:06.446153'),
       (7, 'store7@facam.com', '가맹점7', 0, '2023-12-07 15:28:06.453152', '2023-12-07 15:28:06.453152'),
       (8, 'store8@facam.com', '가맹점8', 0, '2023-12-07 15:28:06.459154', '2023-12-07 15:28:06.459154'),
       (9, 'store9@facam.com', '가맹점9', 0, '2023-12-07 15:28:06.466153', '2023-12-07 15:28:06.466153'),
       (10, 'store10@facam.com', '가맹점10', 0, '2023-12-07 15:28:06.472153', '2023-12-07 15:28:06.472153');

INSERT INTO `user` (`user_id`, `user_email`, `user_name`, `money`, `created_at`, `updated_at`)
VALUES (1, 'user1@facam.com', '사용자1', 18500, '2023-12-07 15:28:06.310588', '2023-12-07 15:28:06.310588'),
       (2, 'user2@facam.com', '사용자2', 17000, '2023-12-07 15:28:06.358152', '2023-12-07 15:28:06.358152'),
       (3, 'user3@facam.com', '사용자3', 15500, '2023-12-07 15:28:06.364153', '2023-12-07 15:28:06.364153'),
       (4, 'user4@facam.com', '사용자4', 14000, '2023-12-07 15:28:06.369153', '2023-12-07 15:28:06.369153'),
       (5, 'user5@facam.com', '사용자5', 12500, '2023-12-07 15:28:06.374153', '2023-12-07 15:28:06.374153'),
       (6, 'user6@facam.com', '사용자6', 11000, '2023-12-07 15:28:06.380153', '2023-12-07 15:28:06.380153'),
       (7, 'user7@facam.com', '사용자7', 9500, '2023-12-07 15:28:06.385153', '2023-12-07 15:28:06.385153'),
       (8, 'user8@facam.com', '사용자8', 8000, '2023-12-07 15:28:06.391153', '2023-12-07 15:28:06.391153'),
       (9, 'user9@facam.com', '사용자9', 6500, '2023-12-07 15:28:06.397152', '2023-12-07 15:28:06.397152'),
       (10, 'user10@facam.com', '사용자10', 5000, '2023-12-07 15:28:06.403152', '2023-12-07 15:28:06.403152');

INSERT INTO `store_to_user` (`store_to_user_id`, `store_id`, `user_id`, `created_at`, `updated_at`)
VALUES (1, 1, 2, '2023-12-07 15:28:06.478153', '2023-12-07 15:28:06.478153'),
       (2, 1, 3, '2023-12-07 15:28:06.485153', '2023-12-07 15:28:06.485153'),
       (3, 1, 4, '2023-12-07 15:28:06.490153', '2023-12-07 15:28:06.490153'),
       (4, 1, 5, '2023-12-07 15:28:06.495153', '2023-12-07 15:28:06.495153'),
       (5, 1, 6, '2023-12-07 15:28:06.499152', '2023-12-07 15:28:06.499152'),
       (6, 2, 3, '2023-12-07 15:28:06.504153', '2023-12-07 15:28:06.504153'),
       (7, 2, 4, '2023-12-07 15:28:06.508153', '2023-12-07 15:28:06.508153'),
       (8, 2, 5, '2023-12-07 15:28:06.513153', '2023-12-07 15:28:06.513153'),
       (9, 2, 6, '2023-12-07 15:28:06.517153', '2023-12-07 15:28:06.517153'),
       (10, 2, 7, '2023-12-07 15:28:06.523153', '2023-12-07 15:28:06.523153'),
       (11, 3, 4, '2023-12-07 15:28:06.527154', '2023-12-07 15:28:06.527154'),
       (12, 3, 5, '2023-12-07 15:28:06.532151', '2023-12-07 15:28:06.532151'),
       (13, 3, 6, '2023-12-07 15:28:06.536152', '2023-12-07 15:28:06.536152'),
       (14, 3, 7, '2023-12-07 15:28:06.540152', '2023-12-07 15:28:06.540152'),
       (15, 3, 8, '2023-12-07 15:28:06.544152', '2023-12-07 15:28:06.544152'),
       (16, 4, 5, '2023-12-07 15:28:06.548152', '2023-12-07 15:28:06.548152'),
       (17, 4, 6, '2023-12-07 15:28:06.551152', '2023-12-07 15:28:06.551152'),
       (18, 4, 7, '2023-12-07 15:28:06.555152', '2023-12-07 15:28:06.555152'),
       (19, 4, 8, '2023-12-07 15:28:06.559152', '2023-12-07 15:28:06.559152'),
       (20, 4, 9, '2023-12-07 15:28:06.562152', '2023-12-07 15:28:06.562152'),
       (21, 5, 6, '2023-12-07 15:28:06.566152', '2023-12-07 15:28:06.566152'),
       (22, 5, 7, '2023-12-07 15:28:06.570153', '2023-12-07 15:28:06.570153'),
       (23, 5, 8, '2023-12-07 15:28:06.573152', '2023-12-07 15:28:06.573152'),
       (24, 5, 9, '2023-12-07 15:28:06.577152', '2023-12-07 15:28:06.577152'),
       (25, 5, 10, '2023-12-07 15:28:06.580152', '2023-12-07 15:28:06.580152'),
       (26, 6, 7, '2023-12-07 15:28:06.585153', '2023-12-07 15:28:06.585153'),
       (27, 6, 8, '2023-12-07 15:28:06.592153', '2023-12-07 15:28:06.592153'),
       (28, 6, 9, '2023-12-07 15:28:06.602152', '2023-12-07 15:28:06.602152'),
       (29, 6, 10, '2023-12-07 15:28:06.609152', '2023-12-07 15:28:06.609152'),
       (30, 6, 1, '2023-12-07 15:28:06.613152', '2023-12-07 15:28:06.613152'),
       (31, 7, 8, '2023-12-07 15:28:06.617152', '2023-12-07 15:28:06.617152'),
       (32, 7, 9, '2023-12-07 15:28:06.621152', '2023-12-07 15:28:06.621152'),
       (33, 7, 10, '2023-12-07 15:28:06.624152', '2023-12-07 15:28:06.624152'),
       (34, 7, 1, '2023-12-07 15:28:06.628153', '2023-12-07 15:28:06.628153'),
       (35, 7, 2, '2023-12-07 15:28:06.633153', '2023-12-07 15:28:06.633153'),
       (36, 8, 9, '2023-12-07 15:28:06.637153', '2023-12-07 15:28:06.637153'),
       (37, 8, 10, '2023-12-07 15:28:06.640151', '2023-12-07 15:28:06.640151'),
       (38, 8, 1, '2023-12-07 15:28:06.644153', '2023-12-07 15:28:06.644153'),
       (39, 8, 2, '2023-12-07 15:28:06.647152', '2023-12-07 15:28:06.647152'),
       (40, 8, 3, '2023-12-07 15:28:06.651152', '2023-12-07 15:28:06.651152'),
       (41, 9, 10, '2023-12-07 15:28:06.655152', '2023-12-07 15:28:06.655152'),
       (42, 9, 1, '2023-12-07 15:28:06.659153', '2023-12-07 15:28:06.659153'),
       (43, 9, 2, '2023-12-07 15:28:06.664153', '2023-12-07 15:28:06.664153'),
       (44, 9, 3, '2023-12-07 15:28:06.667153', '2023-12-07 15:28:06.667153'),
       (45, 9, 4, '2023-12-07 15:28:06.671152', '2023-12-07 15:28:06.671152'),
       (46, 10, 1, '2023-12-07 15:28:06.675153', '2023-12-07 15:28:06.675153'),
       (47, 10, 2, '2023-12-07 15:28:06.679152', '2023-12-07 15:28:06.679152'),
       (48, 10, 3, '2023-12-07 15:28:06.683154', '2023-12-07 15:28:06.683154'),
       (49, 10, 4, '2023-12-07 15:28:06.686153', '2023-12-07 15:28:06.686153'),
       (50, 10, 5, '2023-12-07 15:28:06.690153', '2023-12-07 15:28:06.690153');
